{
    "G3_0.wav-G3_0.wav": [
        2403.8072587127067,
        2403.8072587127067
    ],
    "G3_1.wav-G3_0.wav": [
        2191.448802650376,
        2403.8072587127067
    ],
    "G3_10.wav-G3_0.wav": [
        1362.071701690448,
        2403.8072587127067
    ],
    "G3_2.wav-G3_0.wav": [
        2131.2588477103354,
        2403.8072587127067
    ],
    "G3_3.wav-G3_0.wav": [
        2077.67893205296,
        2403.8072587127067
    ],
    "G3_4.wav-G3_0.wav": [
        2026.026813360958,
        2403.8072587127067
    ],
    "G3_5.wav-G3_0.wav": [
        1968.4490161664728,
        2403.8072587127067
    ],
    "G3_6.wav-G3_0.wav": [
        1895.076192414149,
        2403.8072587127067
    ],
    "G3_7.wav-G3_0.wav": [
        1804.2389921710394,
        2403.8072587127067
    ],
    "G3_8.wav-G3_0.wav": [
        1690.9596709258376,
        2403.8072587127067
    ],
    "G3_9.wav-G3_0.wav": [
        1538.6063780484478,
        2403.8072587127067
    ],
    "D5_0.wav-D5_0.wav": [
        2847.363399697623,
        2847.363399697623
    ],
    "D5_1.wav-D5_0.wav": [
        2619.990801686092,
        2847.363399697623
    ],
    "D5_10.wav-D5_0.wav": [
        1828.3376033582383,
        2847.363399697623
    ],
    "D5_2.wav-D5_0.wav": [
        2567.1569685551203,
        2847.363399697623
    ],
    "D5_3.wav-D5_0.wav": [
        2512.3745425642214,
        2847.363399697623
    ],
    "D5_4.wav-D5_0.wav": [
        2453.667207890161,
        2847.363399697623
    ],
    "D5_5.wav-D5_0.wav": [
        2390.6021570813673,
        2847.363399697623
    ],
    "D5_6.wav-D5_0.wav": [
        2322.466501948605,
        2847.363399697623
    ],
    "D5_7.wav-D5_0.wav": [
        2243.225530055213,
        2847.363399697623
    ],
    "D5_8.wav-D5_0.wav": [
        2139.452253746181,
        2847.363399697623
    ],
    "D5_9.wav-D5_0.wav": [
        1999.4032405437154,
        2847.363399697623
    ],
    "Gs6_0.wav-Gs6_0.wav": [
        3975.5140542408676,
        3975.5140542408676
    ],
    "Gs6_1.wav-Gs6_0.wav": [
        3659.3849614195933,
        3975.5140542408676
    ],
    "Gs6_10.wav-Gs6_0.wav": [
        2937.269629547637,
        3975.5140542408676
    ],
    "Gs6_2.wav-Gs6_0.wav": [
        3573.8951965412825,
        3975.5140542408676
    ],
    "Gs6_3.wav-Gs6_0.wav": [
        3481.1012598321317,
        3975.5140542408676
    ],
    "Gs6_4.wav-Gs6_0.wav": [
        3389.408738629357,
        3975.5140542408676
    ],
    "Gs6_5.wav-Gs6_0.wav": [
        3303.3811444944845,
        3975.5140542408676
    ],
    "Gs6_6.wav-Gs6_0.wav": [
        3224.476457537172,
        3975.5140542408676
    ],
    "Gs6_7.wav-Gs6_0.wav": [
        3152.0132252506714,
        3975.5140542408676
    ],
    "Gs6_8.wav-Gs6_0.wav": [
        3083.822049268301,
        3975.5140542408676
    ],
    "Gs6_9.wav-Gs6_0.wav": [
        3014.7831577521365,
        3975.5140542408676
    ]
}