{
    "G3_1.wav": [
        2403.8072587127067,
        2191.448802650376
    ],
    "G3_10.wav": [
        2403.8072587127067,
        1362.071701690448
    ],
    "G3_2.wav": [
        2403.8072587127067,
        2131.2588477103354
    ],
    "G3_3.wav": [
        2403.8072587127067,
        2077.67893205296
    ],
    "G3_4.wav": [
        2403.8072587127067,
        2026.026813360958
    ],
    "G3_5.wav": [
        2403.8072587127067,
        1968.4490161664728
    ],
    "G3_6.wav": [
        2403.8072587127067,
        1895.076192414149
    ],
    "G3_7.wav": [
        2403.8072587127067,
        1804.2389921710394
    ],
    "G3_8.wav": [
        2403.8072587127067,
        1690.9596709258376
    ],
    "G3_9.wav": [
        2403.8072587127067,
        1538.6063780484478
    ],
    "D5_1.wav": [
        2847.363399697623,
        2619.990801686092
    ],
    "D5_10.wav": [
        2847.363399697623,
        1828.3376033582383
    ],
    "D5_2.wav": [
        2847.363399697623,
        2567.1569685551203
    ],
    "D5_3.wav": [
        2847.363399697623,
        2512.3745425642214
    ],
    "D5_4.wav": [
        2847.363399697623,
        2453.667207890161
    ],
    "D5_5.wav": [
        2847.363399697623,
        2390.6021570813673
    ],
    "D5_6.wav": [
        2847.363399697623,
        2322.466501948605
    ],
    "D5_7.wav": [
        2847.363399697623,
        2243.225530055213
    ],
    "D5_8.wav": [
        2847.363399697623,
        2139.452253746181
    ],
    "D5_9.wav": [
        2847.363399697623,
        1999.4032405437154
    ],
    "Gs6_1.wav": [
        3975.5140542408676,
        3659.3849614195933
    ],
    "Gs6_10.wav": [
        3975.5140542408676,
        2937.269629547637
    ],
    "Gs6_2.wav": [
        3975.5140542408676,
        3573.8951965412825
    ],
    "Gs6_3.wav": [
        3975.5140542408676,
        3481.1012598321317
    ],
    "Gs6_4.wav": [
        3975.5140542408676,
        3389.408738629357
    ],
    "Gs6_5.wav": [
        3975.5140542408676,
        3303.3811444944845
    ],
    "Gs6_6.wav": [
        3975.5140542408676,
        3224.476457537172
    ],
    "Gs6_7.wav": [
        3975.5140542408676,
        3152.0132252506714
    ],
    "Gs6_8.wav": [
        3975.5140542408676,
        3083.822049268301
    ],
    "Gs6_9.wav": [
        3975.5140542408676,
        3014.7831577521365
    ]
}